{
  "losses": [
    11.186282390823013,
    10.211708947810159,
    9.310977355675764,
    8.480225294965752,
    7.71378171718615,
    7.006436308408113,
    6.353643935946276,
    5.751159421859249,
    5.19531751008627,
    4.682622390958021,
    4.210035895422307,
    3.77458371105282,
    3.373542987805907,
    3.0045252066054102,
    2.665181164367957,
    2.3533382152082734,
    2.067058334702171,
    1.8044291685253793,
    1.5637168708484843,
    1.34334104511595,
    1.1417675941221175,
    0.957645868925455,
    0.7897293007318875,
    0.6370365894335206,
    0.49880968590485886,
    0.3750033180834511,
    0.26619365248262605,
    0.17458786722701816,
    0.10312328305661952,
    0.05328747822392371,
    0.024041769107640613,
    0.010083981493513704,
    0.005285759761174153,
    0.004021424285140455,
    0.003766749200115006,
    0.0037136707746762833,
    0.0037025937098099887,
    0.003683033257654186,
    0.0036475286145226746,
    0.003673137899505378
  ],
  "metrics": {
    "adjusted_arithmetic_mean_rank": {
      "both": {
        "realistic": 0.7733614740946769
      },
      "head": {
        "realistic": 0.8536021799740915
      },
      "tail": {
        "realistic": 0.6939982146647191
      }
    },
    "adjusted_arithmetic_mean_rank_index": {
      "both": {
        "realistic": 0.22676207084253042
      },
      "head": {
        "realistic": 0.14647806564283072
      },
      "tail": {
        "realistic": 0.30616768015429663
      }
    },
    "arithmetic_mean_rank": {
      "both": {
        "optimistic": 1419.472926267281,
        "pessimistic": 1419.4786866359448,
        "realistic": 1419.475806451613
      },
      "head": {
        "optimistic": 1558.1382488479262,
        "pessimistic": 1558.14400921659,
        "realistic": 1558.141129032258
      },
      "tail": {
        "optimistic": 1280.807603686636,
        "pessimistic": 1280.8133640552996,
        "realistic": 1280.8104838709678
      }
    },
    "geometric_mean_rank": {
      "both": {
        "optimistic": 509.85020922945426,
        "pessimistic": 509.8522891440859,
        "realistic": 509.85124939483046
      },
      "head": {
        "optimistic": 890.558673550929,
        "pessimistic": 890.5614846781207,
        "realistic": 890.5600793136731
      },
      "tail": {
        "optimistic": 291.8923183520628,
        "pessimistic": 291.89377849573003,
        "realistic": 291.89304859679277
      }
    },
    "harmonic_mean_rank": {
      "both": {
        "optimistic": 11.818884017190387,
        "pessimistic": 11.81888447554146,
        "realistic": 11.818884246468558
      },
      "head": {
        "optimistic": 32.477866908718745,
        "pessimistic": 32.47786880626201,
        "realistic": 32.47786785777202
      },
      "tail": {
        "optimistic": 7.223840772700594,
        "pessimistic": 7.223841021286337,
        "realistic": 7.22384089705622
      }
    },
    "hits_at_k": {
      "both": {
        "optimistic": {
          "1": 0.06797235023041474,
          "3": 0.08928571428571429,
          "5": 0.10714285714285714,
          "10": 0.11002304147465437
        },
        "pessimistic": {
          "1": 0.06797235023041474,
          "3": 0.08928571428571429,
          "5": 0.10714285714285714,
          "10": 0.11002304147465437
        },
        "realistic": {
          "1": 0.06797235023041474,
          "3": 0.08928571428571429,
          "5": 0.10714285714285714,
          "10": 0.11002304147465437
        }
      },
      "head": {
        "optimistic": {
          "1": 0.02534562211981567,
          "3": 0.03110599078341014,
          "5": 0.03225806451612903,
          "10": 0.03456221198156682
        },
        "pessimistic": {
          "1": 0.02534562211981567,
          "3": 0.03110599078341014,
          "5": 0.03225806451612903,
          "10": 0.03456221198156682
        },
        "realistic": {
          "1": 0.02534562211981567,
          "3": 0.03110599078341014,
          "5": 0.03225806451612903,
          "10": 0.03456221198156682
        }
      },
      "tail": {
        "optimistic": {
          "1": 0.11059907834101383,
          "3": 0.14746543778801843,
          "5": 0.18202764976958524,
          "10": 0.18548387096774194
        },
        "pessimistic": {
          "1": 0.11059907834101383,
          "3": 0.14746543778801843,
          "5": 0.18202764976958524,
          "10": 0.18548387096774194
        },
        "realistic": {
          "1": 0.11059907834101383,
          "3": 0.14746543778801843,
          "5": 0.18202764976958524,
          "10": 0.18548387096774194
        }
      }
    },
    "inverse_arithmetic_mean_rank": {
      "both": {
        "optimistic": 0.0007044868426125261,
        "pessimistic": 0.0007044839837433016,
        "realistic": 0.0007044854131750134
      },
      "head": {
        "optimistic": 0.0006417915744892286,
        "pessimistic": 0.0006417892018227405,
        "realistic": 0.0006417903881537916
      },
      "tail": {
        "optimistic": 0.0007807573886363821,
        "pessimistic": 0.0007807538772345482,
        "realistic": 0.000780755632931517
      }
    },
    "inverse_geometric_mean_rank": {
      "both": {
        "optimistic": 0.001961360379769811,
        "pessimistic": 0.0019613523785070165,
        "realistic": 0.0019613563783298623
      },
      "head": {
        "optimistic": 0.0011228906412338842,
        "pessimistic": 0.0011228870967414835,
        "realistic": 0.0011228888687337848
      },
      "tail": {
        "optimistic": 0.003425920920583668,
        "pessimistic": 0.0034259037830593176,
        "realistic": 0.003425912349770798
      }
    },
    "inverse_harmonic_mean_rank": {
      "both": {
        "optimistic": 0.0846103573353893,
        "pessimistic": 0.08461035405409417,
        "realistic": 0.08461035569400695
      },
      "head": {
        "optimistic": 0.030790199455234177,
        "pessimistic": 0.03079019765629423,
        "realistic": 0.03079019855549717
      },
      "tail": {
        "optimistic": 0.13843051521554445,
        "pessimistic": 0.13843051045189414,
        "realistic": 0.1384305128325167
      }
    },
    "inverse_median_rank": {
      "both": {
        "optimistic": 0.0007659900421294523,
        "pessimistic": 0.0007659900421294523,
        "realistic": 0.0007659900421294523
      },
      "head": {
        "optimistic": 0.000690846286701209,
        "pessimistic": 0.000690846286701209,
        "realistic": 0.000690846286701209
      },
      "tail": {
        "optimistic": 0.0009332711152589828,
        "pessimistic": 0.0009332711152589828,
        "realistic": 0.0009332711152589828
      }
    },
    "median_rank": {
      "both": {
        "optimistic": 1305.5,
        "pessimistic": 1305.5,
        "realistic": 1305.5
      },
      "head": {
        "optimistic": 1447.5,
        "pessimistic": 1447.5,
        "realistic": 1447.5
      },
      "tail": {
        "optimistic": 1071.5,
        "pessimistic": 1071.5,
        "realistic": 1071.5
      }
    },
    "rank_mad": {
      "both": {
        "optimistic": 1007.5,
        "pessimistic": 1007.5,
        "realistic": 1007.5
      },
      "head": {
        "optimistic": 889.0,
        "pessimistic": 889.0,
        "realistic": 889.0
      },
      "tail": {
        "optimistic": 1025.0,
        "pessimistic": 1025.0,
        "realistic": 1025.0
      }
    },
    "rank_std": {
      "both": {
        "optimistic": 1116.1199477414045,
        "pessimistic": 1116.1209217589899,
        "realistic": 1116.1204341088867
      },
      "head": {
        "optimistic": 1050.7773320854344,
        "pessimistic": 1050.7791606559006,
        "realistic": 1050.7782456897623
      },
      "tail": {
        "optimistic": 1161.4036036172695,
        "pessimistic": 1161.4038213019476,
        "realistic": 1161.4037118432059
      }
    },
    "rank_var": {
      "both": {
        "optimistic": 1245723.7377462757,