{
  "losses": [
    0.8810165668356007,
    0.8755424762594288,
    0.8700261609307651,
    0.8643961062376526,
    0.8589044329763829,
    0.8533434374579068,
    0.8477636315356726,
    0.8424572560979032,
    0.8371307548435255,
    0.8317073076620869,
    0.8261283786817529,
    0.820935347984577,
    0.8156901392443426,
    0.8103235617451284,
    0.8050732667418732,
    0.7997942518913883,
    0.794714259005141,
    0.7892853309368265,
    0.7843977829505657,
    0.778979904350193,
    0.7739060062101517,
    0.7689348418137123,
    0.7639075092885687,
    0.7590189089720276,
    0.7539636020002694,
    0.7491144640692349,
    0.7441391780458647,
    0.7393328787266523,
    0.7344712662970883,
    0.7297400551280756,
    0.7246817227067619,
    0.7198959876751078,
    0.7154008492656138,
    0.7106438998518319,
    0.7059878864507566,
    0.7012288981470568,
    0.6967177993949802,
    0.6918095775034235,
    0.6873893957028444,
    0.682962110672874
  ],
  "metrics": {
    "adjusted_arithmetic_mean_rank": {
      "both": {
        "realistic": 0.7700305810397553
      },
      "head": {
        "realistic": 0.8323640960809102
      },
      "tail": {
        "realistic": 0.7116113744075829
      }
    },
    "adjusted_arithmetic_mean_rank_index": {
      "both": {
        "realistic": 0.23241438991222652
      },
      "head": {
        "realistic": 0.16947852760736204
      },
      "tail": {
        "realistic": 0.2913574335647594
      }
    },
    "arithmetic_mean_rank": {
      "both": {
        "optimistic": 73.19767441860465,
        "pessimistic": 73.19767441860465,
        "realistic": 73.19767441860465
      },
      "head": {
        "optimistic": 76.55813953488372,
        "pessimistic": 76.55813953488372,
        "realistic": 76.55813953488372
      },
      "tail": {
        "optimistic": 69.83720930232558,
        "pessimistic": 69.83720930232558,
        "realistic": 69.83720930232558
      }
    },
    "geometric_mean_rank": {
      "both": {
        "optimistic": 50.9765138769195,
        "pessimistic": 50.9765138769195,
        "realistic": 50.9765138769195
      },
      "head": {
        "optimistic": 53.19644195835413,
        "pessimistic": 53.19644195835413,
        "realistic": 53.19644195835413
      },
      "tail": {
        "optimistic": 48.849225086860876,
        "pessimistic": 48.849225086860876,
        "realistic": 48.849225086860876
      }
    },
    "harmonic_mean_rank": {
      "both": {
        "optimistic": 29.18543315887735,
        "pessimistic": 29.18543315887735,
        "realistic": 29.18543315887735
      },
      "head": {
        "optimistic": 28.233093787058397,
        "pessimistic": 28.233093787058397,
        "realistic": 28.233093787058397
      },
      "tail": {
        "optimistic": 30.20426264789113,
        "pessimistic": 30.20426264789113,
        "realistic": 30.20426264789113
      }
    },
    "hits_at_k": {
      "both": {
        "optimistic": {
          "1": 0.0,
          "3": 0.0,
          "5": 0.03488372093023256,
          "10": 0.09302325581395349
        },
        "pessimistic": {
          "1": 0.0,
          "3": 0.0,
          "5": 0.03488372093023256,
          "10": 0.09302325581395349
        },
        "realistic": {
          "1": 0.0,
          "3": 0.0,
          "5": 0.03488372093023256,
          "10": 0.09302325581395349
        }
      },
      "head": {
        "optimistic": {
          "1": 0.0,
          "3": 0.0,
          "5": 0.046511627906976744,
          "10": 0.09302325581395349
        },
        "pessimistic": {
          "1": 0.0,
          "3": 0.0,
          "5": 0.046511627906976744,
          "10": 0.09302325581395349
        },
        "realistic": {
          "1": 0.0,
          "3": 0.0,
          "5": 0.046511627906976744,
          "10": 0.09302325581395349
        }
      },
      "tail": {
        "optimistic": {
          "1": 0.0,
          "3": 0.0,
          "5": 0.023255813953488372,
          "10": 0.09302325581395349
        },
        "pessimistic": {
          "1": 0.0,
          "3": 0.0,
          "5": 0.023255813953488372,
          "10": 0.09302325581395349
        },
        "realistic": {
          "1": 0.0,
          "3": 0.0,
          "5": 0.023255813953488372,
          "10": 0.09302325581395349
        }
      }
    },
    "inverse_arithmetic_mean_rank": {
      "both": {
        "optimistic": 0.013661636219221606,
        "pessimistic": 0.013661636219221606,
        "realistic": 0.013661636219221606
      },
      "head": {
        "optimistic": 0.013061968408262454,
        "pessimistic": 0.013061968408262454,
        "realistic": 0.013061968408262454
      },
      "tail": {
        "optimistic": 0.01431901431901432,
        "pessimistic": 0.01431901431901432,
        "realistic": 0.01431901431901432
      }
    },
    "inverse_geometric_mean_rank": {
      "both": {
        "optimistic": 0.019616876948754382,
        "pessimistic": 0.019616876948754382,
        "realistic": 0.019616876948754382
      },
      "head": {
        "optimistic": 0.01879824971720608,
        "pessimistic": 0.01879824971720608,
        "realistic": 0.01879824971720608
      },
      "tail": {
        "optimistic": 0.02047115380483227,
        "pessimistic": 0.02047115380483227,
        "realistic": 0.02047115380483227
      }
    },
    "inverse_harmonic_mean_rank": {
      "both": {
        "optimistic": 0.03426366826753193,
        "pessimistic": 0.03426366826753193,
        "realistic": 0.03426366826753193
      },
      "head": {
        "optimistic": 0.03541942684504467,
        "pessimistic": 0.03541942684504467,
        "realistic": 0.03541942684504467
      },
      "tail": {
        "optimistic": 0.033107909690019206,
        "pessimistic": 0.033107909690019206,
        "realistic": 0.033107909690019206
      }
    },
    "inverse_median_rank": {
      "both": {
        "optimistic": 0.016129032258064516,
        "pessimistic": 0.016129032258064516,
        "realistic": 0.016129032258064516
      },
      "head": {
        "optimistic": 0.014925373134328358,
        "pessimistic": 0.014925373134328358,
        "realistic": 0.014925373134328358
      },
      "tail": {
        "optimistic": 0.01818181818181818,
        "pessimistic": 0.01818181818181818,
        "realistic": 0.01818181818181818
      }
    },
    "median_rank": {
      "both": {
        "optimistic": 62.0,
        "pessimistic": 62.0,
        "realistic": 62.0
      },
      "head": {
        "optimistic": 67.0,
        "pessimistic": 67.0,
        "realistic": 67.0
      },
      "tail": {
        "optimistic": 55.0,
        "pessimistic": 55.0,
        "realistic": 55.0
      }
    },
    "rank_mad": {
      "both": {
        "optimistic": 40.0,
        "pessimistic": 40.0,
        "realistic": 40.0
      },
      "head": {
        "optimistic": 42.0,
        "pessimistic": 42.0,
        "realistic": 42.0
      },
      "tail": {
        "optimistic": 34.0,
        "pessimistic": 34.0,
        "realistic": 34.0
      }
    },
    "rank_std": {
      "both": {
        "optimistic": 51.87951600235089,
        "pessimistic": 51.87951600235089,
        "realistic": 51.87951600235089
      },
      "head": {
        "optimistic": 51.79939046313791,
        "pessimistic": 51.79939046313791,
        "realistic": 51.79939046313791
      },
      "tail": {
        "optimistic": 51.74172452990223,
        "pessimistic": 51.74172452990223,
        "realistic": 51.74172452990223
      }
    },
    "rank_var": {
      "both": {
        "optimistic": 2691.4841806381824,
        "pessimistic": 2691.4841806381824,
        "realistic": 2691.4841806381824
      },
      "head": {
        "optimistic": 2683.176852352623,
        "pessimistic": 2683.176852352623,
        "realistic": 2683.176852352623
      },
      "tail": {
        "optimistic": 2677.2060573282856,
        "pessimistic": 2677.2060573282856,
        "realistic": 2677.2060573282856
      }
    }
  },